非即时对局，在发出请求后，对方如果在三天内没有响应，对局邀请自动关闭。	For non-real-time games, after the request is made, if the opponent does not respond within three days, the game request will be automatically closed.
如果上传的题目已经存在题库中，系统会使用旧的题目，不用担心重复上传	If the uploaded problem already exists in the problem library, the system will use the old problem, so you don’t have to worry about uploading it again.
棋友解答由分享人判定，并由分享人分派奖励给其中一位棋友。	The players’ answers are judged by the sharer, and the sharer distributes a reward to one of the players.
由于错题详细统计和错题重做功能消耗系统资源较多，需要	Because detailed mistake statistics consumes a lot of resources, it is necessary to
设置每道题目的做题次数，达到这个次数没有做对则判错	Set the number of attempts for each problem. If this number is reached, it will be judged wrong.
约定时间的对局，在对局开始前没有响应则自动关闭。	The game at the appointed time will be automatically closed if there is no response before the game starts.
银卡以上会员将会统计会员在每本棋书中的做题数量/正确率信息。	Silver card members or above get correct-rate statistics for each book.
打开题目，思考一段时间才能落子（只对会员有效）	You can think for a while before deciding (only possible for members)
每道题目的做题次数，达到这个次数没有做对则判错	The number of attempts for each problem. If this number is reached, it will be judged wrong.
棋友完成棋书作业后，将在此显示本书做题数据统计	After Go players complete their book homework, the statistics of the book's problem solving data will be displayed here
购买一年以上会员，将获得自己的专属推荐码。	If you purchase a membership for more than one year, you will get your own exclusive referral code.
上传之后，需要对每一道新题目设定大概级别,题目的类型，确认无误，点击保存	After uploading, you need to set the approximate level and type of question for each new question, confirm it is correct, and click Save
此邮箱将接受激活邮件完成账号激活流程	This email address will receive an activation email to complete the account activation process
可同时输入多个数字编号，以空格分隔	Multiple numbers can be entered at the same time, separated by spaces
不选择，则依靠棋友当前级别自动筛选	If you don’t choose, it will be automatically selected based on the current player level
你的用户名和密码不符，请再试一次	Your username and password do not match; please try again
一次生成的题目数量，最多不超过50道。	You cannot generate more than 50 problems at once.
限制时间的对局邀请，对方如果在10分钟内没有响应，对局邀请自动关闭。	For a time-limited game request, if the opponent does not respond within 10 minutes, the game request will be automatically closed.
放到数据库之后，不会立即更新到101围棋题库里面，经过棋友的打分审核通过之后，才会进入题库	After being placed in the library, it will not be immediately updated to the 101weiqi problem library, but needs to pass a review by Go players first.
否则系统会将此分支标为失败解答	otherwise the system will mark this branch as a failed solution
请在图中三角标位置选择最佳着手	Please choose the best triangled move
如果超过时间未做完，则本题判错	If the time is exceeded, the problem will be judged wrong.
由于资源所限，错题本容量限制为	Due to resource constraints, the capacity of the error book is limited to
用于上课，以及课后布置作业。	Used for class and homework assignments after class.
本题为选择题，请选择一个选项	This problem is multiple choice, please select one option
请在棋盘上标出双方所有的死子	Please mark all dead stones on the board
仅仅指定班级的棋友能提交解答	Only players in designated classes can submit solutions
刚注册的棋友都属于普通会员	Newly registered Go players are all ordinary members
单位为天，每多少天一次作业	How often to run the job, in days
请求其他棋友审核，将花费30围豆	Requesting a review from other players costs 30 weidou
上传的文件包大小不能超过100K，单个sgf文件不能超过10K	The size of the uploaded file package cannot exceed 100K, and the size of a single SGF file cannot exceed 10K
请直接用鼠标在棋盘上落子	Use the mouse to play stones
请在棋盘上标出双方的弱棋	Please mark all weak stones on the board
请找出此局面下的最佳一手	Please find the best move in this situation
请勾选下列知识点进行挑选	Please check the boxes below to select categories
大橋流パワーアップ詰碁400	Oohashi-style Power Up Tsumego 400
设置每道题目的做题时间	Set the time limit for each problem
设置每道题目的做题次数	Set the number of opportunities for each problem
请按照顺序在棋盘上落子	Please play the moves in order
请勾选下列棋书进行挑选	Please check the boxes below to select books
只有一次提交解答的机会	Only one opportunity to submit answer
非会员只能选择公开题库	Non-members can only choose the public problem collection
不选择，则混合各种题型	If you don’t choose, problem categories will be mixed
依据棋友当前水平设置	set according to current level
落子确认关闭中，开启	Toggle move confirmation
打印功能只对会员开放	The printing function is only available to members
我的年度错题统计分析	Stats of my mistakes this year
我的本月错题统计分析	Stats of my mistakes this month
一按难度顺序查阅本书	Read this book in order of difficulty
生成闯关题目打印页面	Generate a print page for the test problems
所有棋友都能提交解答	All players can submit answers
充值相应费用后升级为	After recharging the corresponding fee, upgrade to
添加此题到我的棋书中	Add this problem to my book
贡献较多的棋友名单	Top contributors
请至少选择一本棋书	Please select at least one book
请直接在棋盘上落子	Please place the stones on the board
分享时带上本题答案	Please bring the answer to this problem when sharing
一次生成的题目数量	Number of problems generated at a time
按难度顺序查阅本书	Check out this book in difficulty order
按棋书章节顺序做题	Book chapter order
对方接受后开始对局	After the opponent accepts, the match begins
之后，才能开始做题	After that, you can start doing the questions
创建一个围棋教室/棋社	Create a Go classroom/club
的最近训练营对局	recent training camp games
次提交解答的机会	opportunities to submit answers
在限定时间内完成	completed within the time limit
系统自动生成作业	The system automatically generates homework
提交题目答案权重	Submit problem answer weight
显示本题难度级别	Show the difficulty level of this problem
设置比赛计时范围	Set the game time range
审核题目答案权重	Review problem answer weight
错题重做形式设置	Redo mistakes form settings
上传题目许可协议	Problem upload license agreement
我的作业模板列表	My job template list
生成作业打印页面	Generate print page
官子大全官子手筋	Endgame Encyclopedia - Tesuji
一人使用一半时间	Each player uses half the time
创建新的作业模板	Create a new job template
我最近阅读的棋书	Books I've recently read
使用围豆进行提问	Ask using Weidou
公开题库（包含101围棋所有入库题目，未经筛选）	Public problem collection (contains all 101weiqi problems, without screening)
基礎から始める 河野臨の詰碁	Kono Rin’s tsumego starting from the basics
参与的话题列表	participated topic list
按难度顺序选题	in order of difficulty
尚未完成的作业	Unfinished homework
瞄准对方的弱点	Target the opponent’s weakness
出奇制胜的妙手	Surprising winning brilliancies
分享给全体棋友	Share with all Go friends
从错题本中删除	Remove from mistakes book
本题超时未通过	Problem failed by timeout
一次选择的机会	One chance to choose
尚未有错题记录	No error record yet
没有检索到数据	No data retrieved
我的棋书错题本	My mistaken problems book
生きるか死ぬか	Live or die
生成一份新作业	Generate a new assignment
对银卡以上会员	For members with silver card or above
不接受对弈邀请	Do not accept game requests
问道解惑讨论区	Discussion Forum
创建新作业模板	Create a new job template
长时间包干比赛	Correspondence game
金角银边草肚皮	Corner is gold, side is silver, center is grass
围棋知识点专辑	Categories list
每天晚上统计	statistics every night
级位段位证书	rank-level certificates
条数据中检索	items searched
属于变化答案	is a variation answer
属于失败答案	is a failure answer
属于正解答案	is a correct answer
系统随机选题	in random order
扭十字长一方	extend in a crosscut
扭十字長一方	extend in a crosscut
题目名称搜索	Title search
围棋手筋辞典	Tesuji Dictionary
银卡以上会员	Silver card members or above
显示更多信息	Show more information
棋形题目搜索	Shape search
设置题目标签	Set topic tags
选择棋书章节	Select a book chapter
播放演进过程	Replay moves
错题重做记录	Redo mistakes record
做题时间设置	Problem time setting
做题形式设置	Problem settings form
本题已经通过	Problem passed
题目数字编号	Problem ID
打印题目选择	Print problems selection
个人信息设置	Personal information settings
其他地区棋手	Other players
其他分类题目	Other classification
中国古棋规则	Old Chinese rules
我的分享题目	My sharing topic
我的上课记录	My lesson records
我的作业统计	My homework stats
我的作业列表	My homework list
我收藏的棋书	My favorite book
大师的下一手	Master’s next move
发出约战请求	Make a game request
小棋仙训练营	Little Go Fairy Training Camp
围棋死活形状	Life-and-death shapes
上次阅读位置	Last read position
级位题目分类	Kyu-level classification
作业生成时间	Job generation time
隐藏题目审核	Hidden review
围棋快速练习	Go Quick Practice
具体区别参见	For specific differences, see
在题库中筛选	Filter problem library
官子题目列表	Endgame list
被淘汰的答案	Eliminated answer(s)
条答案被淘汰	Eliminated answer(s)
编辑棋书内容	Edit book content
编辑基本信息	Edit basic information
错题详细统计	Detailed mistake statistics
段位题目分类	Dan-level classification
本次题目完成	Current problems completed
创建我的私有	Create my private
创建我的棋书	Create my book
关闭手动输入	Close problem ID input
点击升级会员	Click to upgrade membership
清除所有题目	Clear all problems
围棋教室棋社	Classroom club
围棋经典手筋	Classic tesuji
选择一个选项	Choose an option
棋友证书列表	Certificate list
悬赏题目分享	Bounty topic
我收藏的题目	Bookmarked problems
棋盘大小分类	Board size classification
成为银卡会员	Become a Silver member
围棋基本技能	Basic Go skills
平均做题时间	Average problem time
所有编辑记录	All edit records
接受对弈邀请	Accept game requests
一次上传的sgf压缩包内的文件数量不要超过10个，文件名称不能带有中文	The number of files in the SGF compressed package uploaded at one time should not exceed 10, and the file names cannot contain Chinese characters.
可以把多个sgf文件以zip格式打包上传，也可以上传单个sgf文件。	Multiple SGF files can be packaged and uploaded in zip format, or a single SGF file can be uploaded.
精品题库（9万题，人工筛选，逐题审核，质量保证）	Excellent problem collection (90,000 questions, manual screening, question-by-question review, quality assurance)
和我相关的101棋友动作	101weiqi Friends’ Actions Related to Me
仅仅本教室/棋社的棋友能提交解答	Only players in this classroom/club can submit answers
非常难搞的	very difficult
不限制时间	unlimited time
本题已经被	this problem is
道类似题目	similar topic(s)
非即时对弈	non-real-time games
最后回复人	last reply
定式的变型	joseki variations
应该怎样走	how to proceed
二子頭必扳	hane at the head of two stones
二子头必扳	hane at the head of two stones
两者得其一	get one of the two
有眼殺無眼	eye kills no eye
有眼杀无眼	eye kills no eye
享九折优惠	enjoy 10% off
一子雙双征	dual ladder breaker
一子解双征	dual ladder breaker
烏龜不出頭	crane's nest
乌龟不出头	crane's nest
角部的特性	corner characteristics
作业本名称	Workbook name
微信公众号	WeChat public account
不限定时间	Unlimited time
两扳长一气	Two hane for one liberty
题目知识点	Topic category
今日排行榜	Today’s Leaderboard
此为变化图	This is a variation diagram
此为失败图	This is a failure diagram
此为正解图	This is a correct diagram
统计截止于	Statistics as of
按难度排序	Sort by difficulty
按难度显示	Show by difficulty
按章节显示	Show by chapter
短时间比赛	Short game
按顺序选择	Select in order
复盘挑战赛	Replay challenge
注册新用户	Register a new user
做一题设置	Problem setup
本题收录于	Problem is included in
本题未通过	Problem failed
高权限棋友	Power users
最多不超过	No more than
官子新辞典	New Endgame Dictionary
枷吃和夹吃	Net
我的作业本	My task book
我的记谱本	My notation book
我的错题本	My mistakes book
我的收藏本	My collection
迷你中國流	Mini-Chinese opening
迷你中国流	Mini-Chinese opening
變相中国流	Mini-Chinese opening
變形中國流	Mini-Chinese opening
变相中国流	Mini-Chinese opening
变形中国流	Mini-Chinese opening
中盘作战题	Middle game problems
知识点列表	List of categories
韩国流布局	Korean opening
棋魂之棋谱	Hikaru No Go
挂上免战牌	Hang up the no-fight sign
布局猜子题	Guess opening moves
下棋等级分	Go rating points
藤泽库之助	Fujisawa Hosai
收藏本棋书	Favorite this book
人生十八局	Eighteen rounds of life
条修改记录	Edit record(s)
继续下一个	Continue to the next
继续做一题	Continue doing problems
按难度选择	Choose by difficulty
中国流布局	Chinese opening
取消免战牌	Cancel the no-fight sign
可立即落子	Can be placed immediately
大眼杀小眼	Big eye kills small eye
抱吃和包吃	Atari and capture
欢迎关注101围棋公众号，无需注册，直接通过微信就可以做题	Welcome to follow the 101weiqi official account. You can do the exercises directly through WeChat without registration.
围棋教室/棋社动态	News
围棋教室/棋社列表	Go classroom/club list
围棋考试/挑战赛	Go exam/challenge
围棋闯关-棋力测试	Go Strength Test
白▲刚下	white just played ▲
更新时间	update time
两次机会	two chances
三劫循環	triple ko
三劫循环	triple ko
不提三目	three points without capturing
初棋無劫	there are no ko threats in the opening
初棋无劫	there are no ko threats in the opening
记注意好	take care
左右同形	symmetrical shape
左右同型	symmetrical shape
上下同形	symmetrical position
周围棋子	surrounding stones
循序渐进	step-by-step
开始时间	start time
滾打包收	squeeze
滚打包收	squeeze
場合定式	situational joseki
场合定式	situational joseki
银卡会员	silver members
盤角板六	rectangular six in the corner
盘角板六	rectangular six in the corner
实战手筋	real-game tesuji
黄莺扑蝶	raccoon belly
黃鶯撲蝶	raccoon belly
蒼鷹搏兔	raccoon belly
四劫循環	quadruple ko
四劫循环	quadruple ko
後面推車	pushing from behind
后面推车	pushing from behind
题目审核	problem review
形勢判斷	positional judgement
形势判断	positional judgement
目的官子	point endgame
普通会员	ordinary members
只此一手	only move
一次机会	one chance
四角穿心	occupying four corners and center
尚未安定	not yet settled
老鼠偷油	mouse stealing oil
低中國流	low Chinese opening
低中国流	low Chinese opening
缓气征吃	loose ladder (full name)
本身劫材	local ko threat
最近对局	latest games
最后一手	last move
加入时间	join time
是否还有	is there still
答案有误	is a mistaken answer
高于等于	higher than or equal to
高中國流	high Chinese opening
高中国流	high Chinese opening
金卡会员	gold card members
後續手段	follow-up
后续手段	follow-up
不提五目	five points without capturing
有眼殺瞎	eye kills no eye
有眼杀瞎	eye kills no eye
金鸡独立	double shortage of liberties
金雞獨立	double shortage of liberties
死棋不杀	don't kill dead groups
活棋不攻	don't attack living groups
每日一問	daily problems
断多棋弱	cutting makes weak
补断棋强	connecting makes strong
恭喜答对	congratulations on the correct answer
梳形板六	comb formation
三目正中	center of three stones
三子正中	center of three stones
打二還一	capture two recapture one
打二还一	capture two recapture one
打三還一	capture three recapture one
打三还一	capture three recapture one
最佳次序	best order
最佳着手	best move
盤角曲四	bent four in the corner
盘角曲四	bent four in the corner
基本手筋	basic tesuji
在选点中	among the selected points
天下大劫	all-dominating ko
涛哥十佳	Yu Qingquan top 10
银冈棋院	Yingang Go Academy
微信扫码	WeChat scan code
微信登录	WeChat login
变化答案	Variation answers
上传文件	Upload file
骗招题目	Trick plays
题目搜索	Topic search
次数设置	Times settings
时间设定	Time settings
每方用时	Time per player
时间限制	Time limit
三目死活	Three-point life-and-death
思考时间	Thinking time
闯关成功	Successfully passed the barrier
提交范围	Submit scope
提交评论	Submit comment
提交答案	Submit answer
棋力检测	Strength detection
作业状态	State
开始解答	Start to answer
起始时间	Start time
开始挑选	Start selecting
开始做题	Start problems
幵始做题	Start doing the problems
专项训练	Special training
六目死活	Six-point life-and-death
简单官子	Simple endgame
立即注册	Sign up now
显示答案	Show answers
分享本题	Share this problem
对外分享	Share externally
棋形搜索	Shape search
七死八活	Seven die, eight live
标注难度	Set difficulty
育苗工程	Seedling project
旋转棋盘	Rotate board
闯关结果	Results
重设密码	Reset password
取消收藏	Remove bookmark
重做设置	Redo settings
错题重做	Redo mistakes
最近棋谱	Recent games
重新收藏	Re-bookmark
棋书查询	Query books
购买记录	Purchase history
公开题库	Public problem library
题型筛选	Problem type filtering
做题时间	Problem time
做题数据	Problem statistics
题目来源	Problem source
做题机会	Problem solving opportunities
题型设置	Problem settings
做题设置	Problem settings
题目范围	Problem scope
做题记录	Problem record
题目质量	Problem quality
做题次序	Problem order
题库状态	Problem library state
做题等级	Problem grade
打印题目	Print problems
错题打印	Print mistaken problems
请正确的	Please perfectly
个人信息	Personal information
闯关通过	Pass through
其他棋书	Other books
布局基础	Opening basics
一次读秒	One byo-yomi period
做题次数	Number of problems answered
做题数量	Number of problems
无需等待	No need to wait
没有数据	No data
我生成的	My generated
我的书券	My book coupons
修改类型	Modification type
错题统计	Mistake statistics
会员说明	Membership description
发出请求	Make request
最低难度	Lowest difficulty
天梯训练	Ladder training
韩国棋手	Korean players
小林光一	Kobayashi Koichi
继续做题	Keep doing problems
定式大全	Joseki encyclopedia
作业模板	Job template
作业列表	Job list
作业日期	Job date
日韩规则	Japanese/Korean rules
日本棋手	Japanese players
日本古典	Japanese classic
如何定形	How to stabilize the shape
我的首页	Home
最高难度	Highest difficulty
隐藏评价	Hide review
帮助中心	Help center
成长足迹	Growth Footprint
谷歌围棋	Google
围棋裁判	Go referee
棋盘风格	Go board style
入门吃子	Getting started capturing stones
生成新的	Generate new
生成棋书	Generate book
对局设置	Game settings
对弈规则	Game rules
四目死活	Four-point life-and-death
忘记密码	Forgot password
五目死活	Five-point life-and-death
查找棋友	Find friends
失败答案	Failure answers
闯关失败	Failed to break through
围棋闯关	Exam
每页显示	Every page shows
逃子方向	Escape direction
官子题目	Endgame
编辑记录	Edit record
落点分布	Drop point distribution
难度设置	Difficulty settings
难度范围	Difficulty range
难度显示	Difficulty display
作业难度	Difficulty
删除本书	Delete this book
当湖十局	Danghu Ten Bureau
每日八题	Daily 8 problems
创建棋书	Create book
龟不出头	Crane’s nest
题目数量	Count
正解答案	Correct answers
边角常型	Corner shape
完成时间	Completion date
今日完成	Completed today
清除错题	Clear mistaken problems
清除全部	Clear all
中国规则	Chinese rules
中国棋手	Chinese players
儿童围棋	Children's Go
查看详情	Check details
棋盘居中	Center board
吃子方向	Capture direction
购买会员	Buy membership
闯关时间	Break through time
再次闯关	Break through again
闯下一关	Break the next level
收藏此题	Bookmark problem
棋盘大小	Board size
北京时间	Beijing time
围豆奖励	Beidou rewards
基础死活	Basic life-and-death
淡路修三	Awaji Shuzo
平均难度	Average difficulty
自动生成	Automatically generated
今日抢答	Answer today
答案显示	Answer display
已经收藏	Already favorited
已经取消	Already cancelled
全部题型	All problem types
全部对局	All games
全部棋书	All books
增加题目	Add problem
添加评论	Add comment
增加章节	Add chapter
关于围豆	About Weidou
九路全局	9x9 whole board
七路全局	7x7 whole board
第五十二	52nd
第五十一	51st
第四十九	49th
第四十八	48th
第四十七	47th
第四十六	46th
第四十五	45th
第四十四	44th
第四十三	43rd
第四十二	42nd
第四十一	41st
第三十九	39th
第三十八	38th
第三十七	37th
第三十六	36th
第三十五	35th
第三十四	34th
第三十三	33rd
第三十二	32nd
第三十一	31st
第二十九	29th
第二十八	28th
第二十七	27th
第二十六	26th
第二十五	25th
第二十四	24th
第二十三	23rd
第二十二	22nd
第二十一	21st
还没有101帐号	Don’t have a 101 account yet
会员卡/围豆为虚拟产品，不支持退款。	Membership cards/weidou are virtual products and cannot be refunded.
做一题/签到 设置	Doing problem settings
四連星	yon ren sei
四连星	yon ren sei
超时胜	win on time
大局感	whole board thinking
个围豆	weidou
超大飞	very large knight's move
超大飛	very large knight's move
右上角	upper right corner
左上角	upper left corner
不限制	unlimited
倒脱靴	under the stones
倒脫靴	under the stones
大頭鬼	two-stone edge squeeze
大头鬼	two-stone edge squeeze
二手劫	two-step ko
二連星	two-star point opening
二连星	two-star point opening
三手劫	two-move approach ko
兩頭蛇	two-headed dragon
假眼活	two-headed dragon
两头蛇	two-headed dragon
兩手劫	two stage ko
两手劫	two stage ko
小豬嘴	tripod group with extra leg
小猪嘴	tripod group with extra leg
三年卡	three-year card
裝倒撲	threatening a snapback
装倒扑	threatening a snapback
这道题	this problem
最佳呢	the best
数目法	territory scoring
天王山	tennouzan
十番棋	ten-game match
萬年劫	ten thousand year ko
万年劫	ten thousand year ko
指導棋	teaching game
指导棋	teaching game
筋和形	suji and shape
不入子	suicide
提提交	submit
胀牯牛	squashing (oshitsubushi)
胀死牛	squashing (oshitsubushi)
小伸腿	small monkey jump
小棋盤	small board
小棋盘	small board
實戰手	situational move
先中後	sente with hidden gote
先中后	sente with hidden gote
半年卡	semi-annual card
三連星	san ren sei
三连星	san ren sei
错小目	rotating 3-4 points
錯小目	rotating 3-4 points
逆先手	reverse sente
逆官子	reverse endgame move
推荐码	referral code
条记录	records
实战手	real-game move
葡萄六	rabbity six
梅花六	rabbity six
疑问手	questionable move
疑問手	questionable move
题开始	problem onwards
问应手	probe
试应手	probe
試應手	probe
問應手	probe
交叉點	point
交叉点	point
收官子	play endgame
花见劫	picnic ko
花見劫	picnic ko
看花劫	picnic ko
無憂劫	picnic ko
无忧劫	picnic ko
待审核	pending review
脹死牛	oshitsubushi (bloated dead cow)
脹牯牛	oshitsubushi (bloated bullock)
單行道	one-way street
单行道	one-way street
一方地	one-sided territory
了一个	one
回贴数	number of replies
不难做	not difficult
新布局	new opening
新佈局	new opening
自然流	natural style
多元劫	multiple ko
一手棋	move
修改于	modified on
模仿棋	mirror Go
東坡棋	mirror Go
东坡棋	mirror Go
赖皮劫	many move approach ko
賴皮劫	many move approach ko
魔术师	magician
超时负	lose by time
缓征子	loose ladder
緩徵子	loose ladder
緊帶鈎	long l group without outside liberties
紧带钩	long l group without outside liberties
寬帶鈎	long l group with outside liberties
宽带钩	long l group with outside liberties
本身劫	local ko threat
大模樣	large-scale framework
大模样	large-scale framework
大伸腿	large monkey jump
大棋盤	large board
大棋盘	large board
大雪崩	large avalanche
征子劫	ladder ko
扭羊頭	ladder
扭羊头	ladder
劫之部	ko section
後手劫	ko (opponent captures first)
后手劫	ko (opponent captures first)
中级篇	intermediate level
进行中	in process
禁著點	illegal point
禁着点	illegal point
怎样下	how to play
隨手棋	hasty move
随手棋	hasty move
让子棋	handicap game
讓子棋	handicap game
授子棋	handicap game
後中先	gote with hidden sente
后中先	gote with hidden sente
五子棋	gomoku narabe
礼品卡	gift card
基本功	fundamentals
从零到	from zero to
先手利	forcing move
五連星	five-star-points
五连星	five-star-points
第一步	first step
第一手	first move
找本身	find yourself
假雙活	false seki
假双活	false seki
向小目	facing 3-4 points
无忧角	enclosed corner
空三角	empty triangle
象步飞	elephant's move
象步飛	elephant's move
镇神头	dual ladder breaker
鎮神頭	dual ladder breaker
倒垂蓮	drooping lotus joseki
倒垂莲	drooping lotus joseki
雙倒撲	double snapback
双倒扑	double snapback
連環劫	double ko
连环劫	double ko
摇橹劫	double ko
搖櫓劫	double ko
循環劫	double ko
循环劫	double ko
雙打吃	double atari
雙叫吃	double atari
双打吃	double atari
双叫吃	double atari
闪电四	dogleg four
閃電四	dogleg four
緊氣劫	direct ko
紧气劫	direct ko
一手劫	direct ko
梅花五	crossed five
扭十字	crosscut
发起人	creator
宇宙流	cosmic style
接不歸	connect-and-die
接不归	connect-and-die
码充值	code recharge
俱樂部	club
俱乐部	club
接触战	close combat fighting
金櫃角	carpenter's square
金柜角	carpenter's square
刀柄五	bulky five
刀板五	bulky five
刀把五	bulky five
大压梁	big pressure beam (a corner position)
基本的	basic
根據地	base
根据地	base
数子法	area scoring
鬆氣劫	approach ko
缓气劫	approach ko
緩氣劫	approach ko
松气劫	approach ko
寬氣劫	approach ko
宽气劫	approach ko
完全与	and
胜负手	all-or-nothing move
勝負手	all-or-nothing move
生死劫	all-dominating ko
天下劫	all-dominating ko
先手劫	a ko in which the player makes the first capture
刘昌赫	Yu Ch’ang-hyeok
验证码	Verification code
用户名	Username
上一步	Undo move
盘龙眼	Two-headed dragon
手筋题	Tesuji problem
叶老师	Teacher Ye
星定式	Star-point joseki
边之部	Side section
秀策流	Shusaku opening
猴子脸	Sake bottle shape
记住我	Remember me
公众号	Public account
上一题	Previous problem
前一页	Previous page
上一页	Previous page
练习册	Practice book
布局题	Opening problem
公开赛	Open
免战牌	No-fight sign
无棋子	No stone
下一题	Next problem
后一页	Next page
下一页	Next page
死活题	Life-and-death problem
死活題	Life-and-death problem
生之部	Life section
排行榜	Leaderboard
片冈聪	Kataoka Satoshi
定式题	Joseki problem
大豬嘴	J-group
大猪嘴	J-group
我执白	I am white
我执黑	I am black
天龙图	Heavenly Dragons
比赛共	Game total
讨论区	Forum
习题集	Exercise set
官子题	Endgame problem
做一题	Done problem
正在做	Doing
死之部	Death section
本次题	Current problems
相思断	Crosscut
刚创建	Created
正确率	Correct rate
角之部	Corner section
模仿题	Copying problem
已完成	Completed
中國流	Chinese opening
中国流	Chinese opening
骗招题	Cheating problems
知识点	Category
对杀题	Capturing race problem
吃子题	Capture problem
不能救	Can’t save
训练营	Camp
大事典	Big Encyclopedia
修改前	Before modification
攻之部	Attack section
欣赏题	Appreciation problem
解答中	Answering
支付宝	Alipay
修改后	After modification
一个sgf文件为一个题目	One SGF file is one problem
上传sgf文件	Upload SGF file
黑贴7目半	7.5 points komi
最多75题	Up to 75 problems
黑贴6目半	6.5 points komi
只有2次提交解答的机会	Only two opportunities to submit answers
邮箱/用户名	email / username
弃子(棄子)	sacrifice
訣竅 	secrets of success
作品	work
精彩	wonderful
胜着	winning move
勝著	winning move
白方	white player
白棋	white group
弱点	weakness
弱棋	weak group
出路	way out
牆壁	wall
墙壁	wall
等待	wait
跨斷	waist cut
跨断	waist cut
要點	vital point
要点	vital point
急所	vital point
變化	variation
变化	variation
廢子	useless stones
废子	useless stones
廢著	useless move
废着	useless move
變著	unusual play
变着	unusual play
冷著	unexpected move
冷着	unexpected move
脱骨	under the stones
脫骨	under the stones
淨活	unconditional life
净活	unconditional life
淨吃	unconditional kill
净吃	unconditional kill
淨殺	unconditional death
淨死	unconditional death
净死	unconditional death
净杀	unconditional death
秤砣	two-stone edge squeeze
石塔	two-stone edge squeeze
两眼	two eyes
詰碁	tsumego
雙虎	trumpet connection
双虎	trumpet connection
三劫	triple ko
骗着	trick play
騙著	trick play
欺著	trick play
欺着	trick play
還原	transposition
还原	transposition
比赛	tournament
比賽	tournament
龟甲	tortoise shell
龜甲	tortoise shell
话题	topic
上方	top
虎口	tiger's mouth
拋劫	throw-in ko
抛劫	throw-in ko
裝劫	threatening a ko
装劫	threatening a ko
本题	this problem
这是	this is
这个	this
长考	think for a long time
長考	think for a long time
思考	think
厚實	thick
厚实	thick
手筋	tesuji
测试	test
地盤	territory
地盘	territory
地域	territory
模樣	territorial framework
模样	territorial framework
脱先	tenuki
脫先	tenuki
天元	tengen
技巧	technique
手段	technique
教材	teaching material(s)
老師	teacher
老师	teacher
教師	teacher
教师	teacher
提劫	taking the ko
悔棋	take back
回手	take back
尾巴	tail
包圍	surround
包围	surround
優勢	superior
优势	superior
適合	suitable for
自殺	suicide
自杀	suicide
不入	suicide
成功	success
提交	submit
小类	subcategories
學生	student
学生	student
强棋	strong group
強棋	strong group
棋力	strength
直二	straight two
直三	straight three
直四	straight four
棋盒	stone container
棋石	stone
棋子	stone
状态	state
星位	star point
穩當	stable
稳当	stable
滾打	squeeze
滾包	squeeze
滚打	squeeze
滚包	squeeze
方四	square four
分投	splitting move
裂型	split shape
裂型	split shape
空间	space
空間	space
破解	solution
實地	solid territory
实地	solid territory
實接	solid connection
实接	solid connection
堅實	solid
坚实	solid
软頭	soft head
软头	soft head
倒撲	snapback
倒扑	snapback
小盤	small board
小盘	small board
缓手	slow
缓慢	slow
緩手	slow
緩慢	slow
形勢	situation
形势	situation
局面	situation
简单	simple
显示	show
尖衝	shoulder hit
尖冲	shoulder hit
应该	should
氣緊	shortage of liberties
气紧	shortage of liberties
共气	shared liberty
公氣	shared liberty
公气	shared liberty
分享	share
棋形	shape
形狀	shape
形状	shape
定形	shape
整型	settle
定型	settle
安定	settle
顺序	sequence
順序	sequence
次序	sequence
手顺	sequence
手順	sequence
分断	separate
先手	sente
选自	selected from
选出	select
雙活	seki
双活	seki
共活	seki
诀窍	secrets of success
秒钟	seconds
搜索	search
封手	sealed move
封锁	seal in
封鎖	seal in
滿意	satisfied
满意	satisfied
騰挪	sabaki
腾挪	sabaki
规则	rules
規則	rules
审核	review
逆先	reverse sente
倒贴	reverse komi
倒貼	reverse komi
结果	result
結果	result
抵抗	resist
认输	resign
認輸	resign
投降	resign
投子	resign
回复	reply
替换	replace
再补	repair
手割	reorder sequence
提子	remove from board
戀子	reluctance to sacrifice
恋子	reluctance to sacrifice
補强	reinforce
补强	reinforce
後悔	regret
后悔	regret
精解	refinement
參考	reference
参考	reference
撞氣	reduce self liberties
撞气	reduce self liberties
緊氣	reduce liberties
紧气	reduce liberties
殺氣	reduce liberties
杀气	reduce liberties
收氣	reduce liberties
收气	reduce liberties
板六	rectangular six
记录	record
回提	recapture
反提	recapture
真眼	real eye
爛柯	ranka
烂柯	ranka
花六	rabbity six
疑问	question
四劫	quadruple ko
丁四	pyramid four
正著	proper move
正着	proper move
本手	proper move
便宜	profit
職業	professional
职业	professional
專業	professional
专业	professional
道题	problems
问题	problem
問題	problem
权利	privilege
原則	principle
原则	principle
壓力	pressure
压力	pressure
飞压	press
飛壓	press
保留	preserve
练习	practice
成立	possible
開花	ponnuki
开花	ponnuki
棒接	pole connection
交點	point
交点	point
棋风	playing style
棋風	playing style
棋手	player
弈棋	play game
對弈	play game
對局	play game
點眼	placement inside opponent's eye
点眼	placement inside opponent's eye
透點	placement
透点	placement
夹攻	pincer
做棋	phase for counting
支付	payment
致敬	pay tribute
類型	pattern
类型	pattern
密码	password
合格	pass (a test)
虛著	pass
虛手	pass
虚着	pass
虚手	pass
聯棋	pair Go
联棋	pair Go
自己	own
逆转	overturn game
逆轉	overturn game
漏著	oversight
漏着	oversight
過分	overplay
过分	overplay
無理	overplay
无理	overplay
凝形	overconcentrated shape
重複	overconcentrated
重复	overconcentrated
外氣	outside liberty
外气	outside liberty
在外	outside
原创	original
以上	or above
或者	or
開局	opening
开局	opening
序盤	opening
序盘	opening
布局	opening
佈局	opening
授先	one stone handicap
一手	one move
爭棋	official challenge match
争棋	official challenge match
占据	occupy
手数	number of moves
现在	now
鼻顶	nose tesuji
鼻頂	nose tesuji
無解	no solution
猜子	nigiri
猜先	nigiri
晚上	night
新手	new move
單官	neutral point
单官	neutral point
枷吃	net
需要	need
國手	national champion
国手	national champion
缩小	narrow
名称	name
互圍	mutual surrounding of territory
互围	mutual surrounding of territory
互破	mutual damage
多解	multiple solutions
套劫	multi stage ko
落子	move(s)
移动	move
下法	move
方形	mouth shape
早上	morning
月卡	monthly card
伸腿	monkey jump
调子	momentum
調子	momentum
错误	mistake
錯誤	mistake
失误	mistake
分钟	minutes
中盤	middle game
中盘	middle game
见合	miai
見合	miai
方法	method
杰作	masterpiece
治孤	managing isolated weak group
利用	make use
求活	make life
做活	make life
维护	maintenance
妖刀	magic sword
低于	lower than
虧損	loss
損失	loss
损失	loss
吃虧	loss
吃亏	loss
亏损	loss
败着	losing move
敗著	losing move
損劫	losing ko threat
损劫	losing ko threat
超時	lose by time
超时	lose by time
缓征	loose ladder
緩徵	loose ladder
帶鈎	long L-group
带钩	long L-group
步调	logical order of moves
活棋	living group
劫活	live by ko
列表	list
限时	limit
轻盈	light
輕盈	light
诘棋	life-and-death problem
詰棋	life-and-death problem
死活	life-and-death
内气	liberties surrounded exclusively by one player's stones
內氣	liberties surrounded exclusively by one player's stones
侧靠	lean on
收後	last play
收后	last play
大飞	large knight's move
大飛	large knight's move
大盤	large board
大盘	large board
引征	ladder breaker
阶梯	ladder
征子	ladder
級位	kyu-level
贴目	komi
貼目	komi
劫材	ko threat
劫争	ko fight
打劫	ko
飞挂	knight's move approach
飛掛	knight's move approach
小飞	knight's move
小飛	knight's move
劫殺	kill by ko
劫杀	kill by ko
殺棋	kill
杀棋	kill
杀し	kill
要子	key stones
棋精	key stones
棋筋	key stones
定式	joseki
持棋	jigo
不是	it's not
铁柱	iron pillar
鐵柱	iron pillar
扎钉	iron pillar
扎釘	iron pillar
打入	invasion
侵入	invasion
简介	introduction
入門	introduction
内部	internal
精讲	intensive
院生	insei
應氏	ing's
应氏	ing's
厚勢	influence
厚势	influence
勢力	influence
势力	influence
劣勢	inferior
劣势	inferior
必然	inevitable
鬆氣	increase liberties
长气	increase liberties
長氣	increase liberties
松气	increase liberties
延氣	increase liberties
延气	increase liberties
寬氣	increase liberties
宽气	increase liberties
伸氣	increase liberties
伸气	increase liberties
重要	important
如何	how
小时	hour
隐藏	hide
帮助	help
笨重	heavy
隨手	hasty move
随手	hasty move
有何	has what
硬頭	hard head
硬头	hard head
缠绕	harassment technique
纏繞	harassment technique
扳断	hane through
讲义	handout
让子	handicap
讓子	handicap
授子	handicap
手谈	hand talk
手談	hand talk
單劫	half-point ko
单劫	half-point ko
半劫	half-point ko
大師	grandmaster
後手	gote
后手	gote
好點	good point
好点	good point
鬼手	ghost move
怪著	ghost move
怪着	ghost move
出頭	getting ahead
出头	getting ahead
復盤	game review
复盘	game review
棋譜	game record
对弈	game
对局	game
基础	foundation
形成	form
针对	for
焦點	focal point
焦点	focal point
浮棋	floating stones
浮子	floating stones
孤棋	floating stones
彈性	flexibility
弹性	flexibility
硬腿	first line descent
氣合	fighting spirit
气合	fighting spirit
感觉	feeling
感覺	feeling
卡眼	falsify eye
瞎劫	false ko threat
假劫	false ko threat
假眼	false eye
失败	failure
失敗	failure
點方	eye-stealing tesuji
点方	eye-stealing tesuji
大眼	eye with two or more spaces
眼位	eye space
眼形	eye shape
眼氣	eye liberties
眼气	eye liberties
開拆	extension
开拆	extension
精妙	exquisite
习题	exercise
转换	exchange
轉換	exchange
交換	exchange
交换	exchange
飞刀	exception move in joseki
飛刀	exception move in joseki
妙着	excellent move
妙手	excellent move
分先	even game
长生	eternal life
長生	eternal life
逃遁	escape
逃生	escape
脱出	escape
淺消	erasure
浅消	erasure
侵消	erasure
兩分	equal
两分	equal
擴張	enlarge
擴大	enlarge
扩张	enlarge
扩大	enlarge
敵人	enemy
敌人	enemy
消劫	ending the ko
终盘	endgame
終盤	endgame
收官	endgame
官着	endgame
官子	endgame
终局	end of game
終局	end of game
围空	enclose territory
重围	encirclement
象飞	elephant's move
象飛	elephant's move
象步	elephant's move
效率	efficiency
效果	effect
愚形	dumpling shape
和棋	draw
大龙	dragon
大龍	dragon
双征	double ladder
雙劫	double ko
双劫	double ko
連扳	double hane
连扳	double hane
雙打	double atari
雙吃	double atari
双打	double atari
双吃	double atari
雙掛	double approach
双挂	double approach
不要	don't want
淘汰	disused
剖析	dissection / self-analysis
不利	disadvantageous
方向	direction
緊劫	direct ko
紧劫	direct ko
文憑	diploma
文凭	diploma
难的	difficulty
难度	difficulty
词典	dictionary
尖顶	diagonal attachment
尖頂	diagonal attachment
小尖	diagonal
發展	develop
发展	develop
说明	description
断是	definitely
防守	defend
决战	decisive battle
死子	dead stone
死棋	dead group
段位	dan-level
切斷	cut
切断	cut
俗手	crude move
花五	crossed five
扭斷	crosscut
扭断	crosscut
創作	creation
创作	creation
開劫	create ko
开劫	create ko
做劫	create ko
创建	create
比氣	counting liberties
比气	counting liberties
點目	counting
点目	counting
對策	countermeasure
对策	countermeasure
反夾	counter-pincer
反夹	counter-pincer
反扳	counter-hane
反攻	counter-attack
反擊	counter-attack
反击	counter-attack
反打	counter-atari
正解	correct answer
正確	correct
正确	correct
點角	corner invasion
点角	corner invasion
守角	corner enclosure
掛角	corner approach
挂角	corner approach
角上	corner
配合	coordination
控制	control
提供	contributor
連接	connect
连接	connect
确认	confirm/verify (indicates a diagram showing why the correct answer works)
进行	conduct
概念	concept
综合	comprehensive
完成	complete
完全	complete
普通	common
作战	combat
梳形	comb formation
崩潰	collapse
崩溃	collapse
细棋	close game
細棋	close game
棋钟	clock
棋鐘	clock
巧著	clever move
巧着	clever move
巧手	clever move
清除	clear
教室	classroom
古典	classical
选择	choose
攔逼	checking extension
拦逼	checking extension
拆逼	checking extension
追捕	chase
章节	chapter
章節	chapter
整體	chain
整体	chain
证书	certificate
證書	certificate
象眼	center of elephant's move
中腹	center
中心	center
中央	center
中原	center
鬥方	carpenter's square
曲尺	carpenter's square
斗方	carpenter's square
門吃	capturing technique by atari
抱吃	capturing technique by atari
對殺	capturing race
对杀	capturing race
门吃	capture by atari
镇头	capping play
鎮頭	capping play
出来	can make
计算	calculate
读秒	byo-yomi
讀秒	byo-yomi
刀五	bulky five
盤渡	bridge under
盘渡	bridge under
突围	breakout
闯关	break through
突出	break out
雙方	both sides
双方	both sides
收藏	bookmark
棋書	book
書本	book
书本	book
残忍	bloody or merciless
快棋	blitz game
盲點	blind spot
盲点	blind spot
黑方	black player
黑棋	black group
黒棋	black
大場	big point
大场	big point
最佳	best
曲三	bent three
彎三	bent three
弯三	bent three
曲四	bent four
彎四	bent four
弯四	bent four
得益	benefit
初级	beginner level
初級	beginner level
基本	basic
根據	base
根据	base
平衡	balance
坏形	bad shape
惡手	bad move
恶手	bad move
雪崩	avalanche
攻杀	attack and kill
攻防	attack and defense
攻守	attack and defence
攻擊	attack
攻击	attack
打吃	atari
叫吃	atari
此时	at this time
答案	answer(s)
解答	answer
年卡	annual card
業餘	amateur
业余	amateur
已经	already
餘味	aji
味道	aji
余味	aji
有利	advantageous
进阶	advanced
打掛	adjourn game
打挂	adjourn game
實戰	actual game situation
实战	actual combat
账号	account
陷阱	a trap
白先	White to play
白子	White stone
白死	White dies
围豆	Weidou
挖吃	Wedge
微信	WeChat
王檄	Wang Xi
棋友	Users
升级	Upgrade
试下	Try
台象	Tower
总数	Total
题目	Topic
提示	Tips
用时	Time spent
檀啸	Tan Xiao
标签	Tags
扑吃	Snapback capture
注册	Sign up
签到	Sign in
登录	Sign in
整形	Shape
编号	Serial number
得分	Score
保存	Save
弃子	Sacrifice
评价	Review
剩余	Remaining
棋谱	Records
充值	Recharge
评分	Rating
数量	Quantity
题型	Problem type
私信	Private messages
帖子	Posts
请利	Please
对战	Play
部分	Part
其他	Others
只有	Only
确定	OK
注意	Notice
记谱	Notation
我的	My
更多	More
月度	Monthly
修改	Modify
中卷	Middle volume
做眼	Making eyes
题库	Lib
级别	Level
下卷	Last volume
尾页	Last page
韩国	Korea
聚杀	Killing
判断	Judgement
日本	Japan
初始	Initial
丈和	Honinbo Jowa
道策	Honinbo Dosaku
作业	Homework
神龙	Heavenly Dragons
获得	Got
棋理	Go theory
棋盤	Go board
棋盘	Go board
棋板	Go board
棋院	Go academy
圍棋	Go
围棋	Go
入门	Getting started
藤泽	Fujisawa
从第	From
频率	Frequency
补棋	Fix the shape
上卷	First volume
首页	First page
最后	Final
最快	Fastest
名家	Famous
研究	Explore
退出	Exit
兑换	Exchange
逃子	Escape
启蒙	Enlightenment
邮箱	Email
编辑	Edit
每题	Each problem
每次	Each
道场	Dojo
做题	Do problems
丁浩	Ding Hao
破眼	Destroying eyes
删除	Delete
本次	Current
做对	Correct
联络	Connect
恭喜	Congratulations
全集	Complete Works
解说	Commentary
评论	Comment
专栏	Column
关闭	Close
关卡	Checkpoint
吃子	Capture
取消	Cancel
能救	Can save
购买	Buy
棋书	Books
黑先	Black to play
黑子	Black stone
黑白	Black and white
大全	Big Collection
平均	Average
头像	Avatar
进攻	Attack
擂台	Arena
应对	Answer
同意	Agree to
补遗	Addendum
添加	Add
应战	Accept challenges
约战	About
初段	1 dan
主動	(to take the) initiative
主动	(to take the) initiative
在101工作	Work at 101
上 一 定 式	Previous joseki
下 一 定 式	Next joseki
棋 力 测 试	Go Strength Test
上 一 题	Previous problem
下 一 题	Next problem
第 五 关	Level 5
第 四 关	Level 4
第 三 关	Level 3
第 二 关	Level 2
第 一 关	Level 1
正 确 率	Correct rate
保 存	Save
创 建	Creation
元	yuan
赢	win
贏	win
胜	win
勝	win
白	white
挖	wedge
弱	weak
牆	wall
墙	wall
册	volume(s)
卷	volume
很	very
用	use
急	urgent
上	upper
托	underneath attachment
训	training
共	total
次	times
緊	tight
紧	tight
虎	tiger's mouth
撲	throw in
扑	throw in
三	three
薄	thin
厚	thick
地	territory
教	teach
圍	surround
围	surround
强	strong
強	strong
长	stretch
長	stretch
子	stone
星	star point
立	stand
稍	somewhat
小	small
缓	slow
緩	slow
慢	slow
鬆	slack
松	slack
邊	side
边	side
要	should
形	shape
秒	sec
封	seal in
对	right
右	right
逆	reverse
抵	resist
抗	resist
救	rescue
证	rank diploma
挺	push up
衝	push through
冲	push through
壓	push down
压	push down
退	pull back
利	profit
题	problem(s)
练	practice
目	point(s)
梅	plum
收	play
聚	placement inside opponent's eye
點	placement
点	placement
人	people
觑	peep
覷	peep
刺	peep
兰	orchid
的	of
网	network
枷	net
著	move
着	move
手	move
错	mistaken
分	min
中	middle
法	method
下	lower
低	low
负	loss(es)
虧	loss
損	loss
损	loss
亏	loss
输	lose
輸	lose
負	lose
寬	loose
宽	loose
轻	light
輕	light
氣	liberty
气	liberty
左	left
大	large
征	ladder
级	kyu
級	kyu
劫	ko
飞	knight's move
飛	knight's move
殺	kill
杀	kill
刚	just
跳	jump
枣	jujube (Chinese Date Wood)
道	items
是	is
勢	influence
势	influence
前	in front
室	house
并	horizontal stretch
並	horizontal stretch
高	high
重	heavy
有	has
扳	hane
好	good
盘	game(s)
谱	game record
譜	game record
从	from
先	first
快	fast
败	failure
敗	failure
眼	eye
拆	extension
妙	exquisite
佳	excellent
遁	escape
逃	escape
敵	enemy
敌	enemy
空	empty
龙	dragon
龍	dragon
棄	discard
弃	discard
圖	diagram
图	diagram
尖	diagonal
防	defend
守	defend
天	days
段	dan
斷	cut
断	cut
爬	crawl
角	corner
渡	connect underneath
連	connect
连	connect
粘	connect
比	compare
集	collection
崩	collapse
钟	clock
鐘	clock
班	class
夾	clamp (pincer)
夹	clamp (pincer)
菊	chrysanthemum
逼	checking extension
攔	checking extension
拦	checking extension
追	chase
提	capture
吃	capture
镇	capping play
鎮	capping play
可	can
由	by
却	but
擠	bump into diagonal
顶	bump
頂	bump
破	break
書	book
书	book
擋	block
搪	block
挡	block
黑	black
曲	bend
拐	bend
雙	bamboo joint
双	bamboo joint
竹	bamboo
攻	attack
碰	attach to the side
靠	attach one line higher than enemy stone
搭	attach
打	atari
挤	angle wedge (atekomi)
和	and
与	and
後	after
后	after
跨	across-attach
约	about
请	Please
。	.
《	\"
》	\"
sgf中的分支如果是正解，需要在正解的最后一步写上说明	If a branch in the SGF file is a correct solution, you need to write an explanation On the last node
Zero棋谱	ZeroGo
Master棋谱	MasterGo
101围棋网有三种会员类型	101 Weiqi.com has three membership types
101年度错题统计分析	Community mistakes report
101本月错题统计分析	Community error report this month
101棋友最近活动	101weiqi Friends’ Recent Actions
101棋谱库研究	Repository research
101围棋网	101 Go Net

# names
山田规三生	Yamada Kimio
芝野龍之介	Shibano Ryunosuke
桥本宇太郎	Hashimoto Utaro
依田纪基	Yoda Norimoto
安井算知	Yasui Sanchi
山下敬吾	Yamashita Keigo
山田晋次	Yamada Shinji
东野弘昭	Toono Hiroaki
武宫正树	Takemiya Masaki
高尾绅路	Takao Shinji
芝野虎丸	Shibano Toramaru
濑越宪作	Segoe Kensaku
坂田荣男	Sakata Eio
大竹英雄	Ootake Hideo
大西智之	Oonishi Tomoyuki
大平修三	Oohira Shuzo
大桥成哉	Oohashi Naruya
大桥拓文	Oohashi Hirofumi
向井千瑛	Mukai Chiaki
前田陈尔	Maeda Nobuaki
小松英树	Komatsu Hideki
加藤正夫	Kato Masao
加田克司	Kada Katsuji
井山裕太	Iyama Yuta
石田芳夫	Ishida Yoshio
今村俊也	Imamura Toshiya
彦坂直人	Hikosaka Naoto
羽根泰正	Hane Yasumasa
羽根直树	Hane Naoki
藤泽秀行	Fujisawa Hideyuki
藤沢秀行	Fujisawa Hideyuki
周睿羊	Zhou Ruiyang
周鹤洋	Zhou Heyang
结城聪	Yuki Satoshi
於之莹	Yu Zhiying
伊凌涛	Yi Lingtao
山城宏	Yamashiro Hiroshi
谢依旻	Xie Yimin
吴依铭	Wu Yiming
元晟溱	Weon Seong-jin
王楚轩	Wang Chuxuan
柁嘉熹	Tuo Jiaxi
童梦成	Tong Mengcheng
唐韦星	Tang Weixing
高川格	Takagawa Kaku
苏耀国	So Yokoku
申真谞	Shin Jin-seo
柳时熏	Shikun Ryu
施襄夏	Shi Ding’an
徐奉洙	Seo Bong-soo
酒井猛	Sakai Takeshi
芮乃伟	Rui Naiwei
林汉杰	Rin Kanketsu
林海峰	Rin Kaiho
钱宇平	Qian Yuping
朴文垚	Piao Wenyao
彭立尧	Peng Liyao
朴永训	Park Yeong-hun
朴廷桓	Park Jung-hwan
白洪淅	Paek Hong-suk
吴侑珍	Oh Yu-jin
王立诚	O Rissei
王铭琬	O Meien
聂卫平	Nie Weiping
睦镇硕	Mok Jin-seok
芈昱廷	Mi Yuting
孟泰龄	Meng Tailing
马晓春	Ma Xiaochun
罗洗河	Luo Xihe
廖元赫	Liao Yuanhe
李轩豪	Li Xuanhao
李钦诚	Li Qincheng
李世石	Lee Se-dol
李昌镐	Lee Chang-ho
赖均辅	Lai Jyun-fu
权甲龙	Kweon Kap-yong
河野临	Kono Rin
小林流	Kobayashi opening
小林觉	Kobayashi Satoru
木谷实	Kitani Minoru
金志锡	Kim Ji-seok
金恩持	Kim Eun-ji
姜东润	Kang Dong-yun
郭求真	Kaku Kyushin
江维杰	Jiang Weijie
石田章	Ishida Akira
古灵益	Gu Lingyi
吴清源	Go Seigen
范蕴若	Fan Yunruo
范西屏	Fan Xiping
崔明勋	Choi Myeong-hun
崔哲瀚	Choi Cheol-han
曹薰铉	Cho Hun-hyeon
赵汉乘	Cho Han-seung
赵治勋	Cho Chikun
陈祖德	Chen Zude
曹大元	Cao Dayuan
李喆	li Zhe
张立	Zhang Li
谢赫	Xie He
时越	Shi Yue
连笑	Lian Xiao
李赫	Li He
孔杰	Kong Jie
柯洁	Ke Jie
秀和	Honinbo Shuwa
秀策	Honinbo Shusaku
秀哉	Honinbo Shusai
秀甫	Honinbo Shuho
秀榮	Honinbo Shuei
古力	Gu Li
崔精	Choi Jeong
张栩	Cho U
陈贤	Chen Xian
陳禧	Chen Xi
常昊	Chang Hao
瞿燕生	Qu Yansheng
徐莹	Xu Ying

# ranks
一段	1-dan
二段	2-dan
三段	3-dan
四段	4-dan
五段	5-dan
六段	6-dan
七段	7-dan
八段	8-dan
九段	9-dan
高级	high kyu
高級	high kyu
上级	high kyu
上級	high kyu
中级	middle kyu
中級	middle kyu
低級	low kyu

# named points
一二妙手	1-2 point
一一妙手	1-1 point
超高目	4-6 point
高目	4-5 point
目外	3-5 point
小目	3-4 point
外目	3-5 point
五五	5-5 point
三三	3-3 point
高目定式	4-5 point joseki
目外定式	3-5 point joseki
小目定式	3-4 point joseki
四六定式	4-6 point joseki
五五定式	5-5 point joseki
三六定式	3-6 point joseki
三三定式	3-3 point joseki
雙飛燕	4-4 point double low approach
双飞燕	4-4 point double low approach

# spaces
二间跳	two-space jump
二間跳	two-space jump
二间拆	two-space extension
二間拆	two-space extension
三间跳	three-space jump
三間跳	three-space jump
三间拆	three-space extension
三間拆	three-space extension
一间跳	one-space jump
一間跳	one-space jump
一间拆	one-space extension
一間拆	one-space extension
四间拆	four-space extension
四間拆	four-space extension
五间拆	five-space extension
五間拆	five-space extension
拆二	two-space extension
聚三	three-space killable eye shape
拆三	three-space extension
聚六	six-space killable eye shape
單關	one-space jump
单关	one-space jump
拆一	one-space extension
聚四	four-space killable eye shape
拆四	four-space extension
聚五	five-space killable eye shape
拆五	five-space extension
關	one-space jump
关	one-space jump

# volumes
第一卷	Volume 1
第二卷	Volume 2
第三卷	Volume 3
第四卷	Volume 4
第五卷	Volume 5
第六卷	Volume 6

# chapters
第一章	Chapter 1
第二章	Chapter 2
第三章	Chapter 3
第四章	Chapter 4
第五章	Chapter 5

# ordinal numbers
第一	1st
第二	2nd
第三	3rd
第四	4th
第五	5th
第六	6th
第七	7th
第八	8th
第九	9th
第十	10th
第十一	11th
第十二	12th
第十三	13th
第十四	14th
第十五	15th
第十六	16th
第十七	17th
第十八	18th
第十九	19th
第二十	20th
第三十	30th
第四十	40th
第五十	50th

# board sizes
5路	5x5
7路	7x7
9路	9x9
11路	11x11
13路	13x13
19路	19x19

# book names
死活训练初级篇	Life-and-death training beginner drill
围棋死活辞典-濑越宪作	Life-and-Death Dictionary (Segoe Kensaku)
围棋实战死活192题	192 real-game tsumego
李昌镐精讲围棋死活	Lee Chang-ho Selected Life-and-Death Problems
李昌镐精讲围棋手筋	Lee Chang-ho Selected Tesuji Problems
围棋死活1000题	Weiqi Life-and-Death 1000 Problems
もっとひと目の詰碁	More Life-and-Death at a Glance
級位練習600題	Kyu-level Practice 600 Problems
必殺力のつく詰碁	Tsumego to build deadly power
基礎力のつく死活	Life-and-death for basic strength
李昌镐官子技巧	Lee Chang-ho’s Endgame Skills
打与逃的基本功	The Basics of Fighting and Escaping
圍棋死活特訓	Special life-and-death training
圍棋死活入門	Introductory Life-and-death
围棋综合手筋	Comprehensive tesuji
玄玄棋经	Gengen Gokyo
棋经众妙	Gokyo Shumyo
官子谱	Kanzufu

# https://www.101weiqi.com/myfootprints/
结束时间	End time
立即生成	Generate immediately
生成成长足迹消耗的系统时间较多，请等待2分钟左右。	Generating growth footprints consumes a lot of system time, please wait about 2 minutes.
普通会员只能免费生成一次成长足迹	Ordinary members can only generate growth footprints once for free
银卡会员以上没有限制。	There is no limit for Silver Card members and above.
以后每次收取50围豆	50 beans will be charged each time thereafter
会显示月度成长足迹	the monthly growth footprint will be displayed

# https://www.101weiqi.com/book/
成为	become
将会持续统计	statistics will be kept

# https://www.101weiqi.com/book/1356/
其中	among them
无效	invalid

# https://www.101weiqi.com/book/67/
基础教程	Basic tutorial
围棋攻守战术	Go Offensive and Defensive Tactics
入腹争正面	Enter the belly to fight for the front
欺着的攻与防	Bullying attack and defense
围棋的筋和形	Suji and shape of Go
版	version
